{"cameraMode":{"drawMode":0,"name":"Shaded","section":"Shading Mode"},"sceneLighting":true,"audioPlay":false,"sceneViewState":{"m_AlwaysRefresh":false,"showFog":true,"showSkybox":true,"showFlares":true,"showImageEffects":true,"showParticleSystems":true,"showVisualEffectGraphs":true,"m_FxEnabled":true},"in2DMode":false,"pivot":{"x":2.956421375274658,"y":6.222250461578369,"z":30.40286636352539},"rotation":{"x":-0.31999921798706057,"y":0.022450566291809083,"z":-0.007566789630800486,"w":-0.9471691846847534},"size":8.896455764770508,"orthographic":false}