{"cameraMode":{"drawMode":0,"name":"Shaded","section":"Shading Mode"},"sceneLighting":true,"audioPlay":false,"sceneViewState":{"m_AlwaysRefresh":false,"showFog":true,"showSkybox":true,"showFlares":true,"showImageEffects":true,"showParticleSystems":true,"showVisualEffectGraphs":true,"m_FxEnabled":true},"in2DMode":false,"pivot":{"x":5.137478351593018,"y":4.96978759765625,"z":32.082305908203128},"rotation":{"x":-0.3115433156490326,"y":0.0036965208128094675,"z":-0.001188480295240879,"w":-0.9502642750740051},"size":13.022601127624512,"orthographic":false}